,dbs,evidence type,methods,ntissues,pmids,symbol1,symbol2,uniprot1,uniprot2
0,,exp,coexpression,0,,ANGPTL4,ANGPTL4,xxxxxx,xxxxxx
1,,exp,coexpression,0,,CD163,MRC1,xxxxxx,xxxxxx
2,,exp,coexpression,0,,ICAM1,MAFF,xxxxxx,xxxxxx
3,,exp,coexpression,0,,NR4A1,SLC2A3,xxxxxx,xxxxxx
4,,exp,coexpression,0,,C1QC,CD14,xxxxxx,xxxxxx
5,,exp,coexpression,0,,COL14A1,FBLN2,xxxxxx,xxxxxx
6,,exp,coexpression,0,,TMEM176B,TMEM176B,xxxxxx,xxxxxx
7,,exp,coexpression,0,,MAFB,MAFB,xxxxxx,xxxxxx
8,,exp,coexpression,0,,LYVE1,MRC1,xxxxxx,xxxxxx
9,,exp,coexpression,0,,SOCS3,ZFP36,xxxxxx,xxxxxx
10,,exp,coexpression,0,,IGFBP3,IGFBP3,xxxxxx,xxxxxx
11,,exp,coexpression,0,,FGL2,FGL2,xxxxxx,xxxxxx
12,,exp,coexpression,0,,STC1,STC1,xxxxxx,xxxxxx
13,,exp,coexpression,0,,C11orf96,JUNB,xxxxxx,xxxxxx
14,,exp,coexpression,0,,C1QC,LAPTM5,xxxxxx,xxxxxx
15,,exp,coexpression,0,,RASD1,RASD1,xxxxxx,xxxxxx
16,,exp,coexpression,0,,ABCA8,ABCA8,xxxxxx,xxxxxx
17,,exp,coexpression,0,,TLR2,TLR2,xxxxxx,xxxxxx
18,,exp,coexpression,0,,MT2A,MT2A,xxxxxx,xxxxxx
19,,exp,coexpression,0,,COL1A2,ISLR,xxxxxx,xxxxxx
20,,exp,coexpression,0,,FN1,FN1,xxxxxx,xxxxxx
21,,exp,coexpression,0,,CCDC80,COL14A1,xxxxxx,xxxxxx
22,,exp,coexpression,0,,JUN,JUN,xxxxxx,xxxxxx
23,,exp,coexpression,0,,FBLN1,LUM,xxxxxx,xxxxxx
24,,exp,coexpression,0,,C11orf96,CDKN1A,xxxxxx,xxxxxx
25,,exp,coexpression,0,,ACADL,ACADL,xxxxxx,xxxxxx
26,,exp,coexpression,0,,GALNT17,GALNT17,xxxxxx,xxxxxx
27,,exp,coexpression,0,,SLIT2,SLIT2,xxxxxx,xxxxxx
28,,exp,coexpression,0,,OSMR,OSMR,xxxxxx,xxxxxx
29,,exp,coexpression,0,,C1QC,F13A1,xxxxxx,xxxxxx
30,,exp,coexpression,0,,COL3A1,MRC2,xxxxxx,xxxxxx
31,,exp,coexpression,0,,CCDC80,LUM,xxxxxx,xxxxxx
32,,exp,coexpression,0,,NAMPT,NAMPT,xxxxxx,xxxxxx
33,,exp,coexpression,0,,CD68,MS4A6A,xxxxxx,xxxxxx
34,,exp,coexpression,0,,C11orf96,DEPP1,xxxxxx,xxxxxx
35,,exp,coexpression,0,,CHI3L1,CHI3L1,xxxxxx,xxxxxx
36,,exp,coexpression,0,,SDC4,SDC4,xxxxxx,xxxxxx
37,,exp,coexpression,0,,C1QC,FCGR3A,xxxxxx,xxxxxx
38,,exp,coexpression,0,,COL1A2,COL1A2,xxxxxx,xxxxxx
39,,exp,coexpression,0,,C1QB,C1QB,xxxxxx,xxxxxx
40,,exp,coexpression,0,,AKR1C1,AKR1C1,xxxxxx,xxxxxx
41,,exp,coexpression,0,,GALNT15,GALNT15,xxxxxx,xxxxxx
42,,exp,coexpression,0,,MS4A6A,STAB1,xxxxxx,xxxxxx
43,,exp,coexpression,0,,CSF1R,FCGR2A,xxxxxx,xxxxxx
44,,exp,coexpression,0,,LCN10,LCN10,xxxxxx,xxxxxx
45,,exp,coexpression,0,,CDKN1A,SOCS3,xxxxxx,xxxxxx
46,,exp,coexpression,0,,C1QB,FCGR3A,xxxxxx,xxxxxx
47,,exp,coexpression,0,,CLDN5,CLDN5,xxxxxx,xxxxxx
48,,exp,coexpression,0,,BGN,COL1A2,xxxxxx,xxxxxx
49,,exp,coexpression,0,,GSTM1,GSTM1,xxxxxx,xxxxxx
50,,exp,coexpression,0,,KCNMA1,KCNMA1,xxxxxx,xxxxxx
51,,exp,coexpression,0,,CXCL12,LUM,xxxxxx,xxxxxx
52,,exp,coexpression,0,,TNXB,TNXB,xxxxxx,xxxxxx
53,,exp,coexpression,0,,COL1A2,CXCL12,xxxxxx,xxxxxx
54,,exp,coexpression,0,,C1QA,C1QB,xxxxxx,xxxxxx
55,,exp,coexpression,0,,HLF,HLF,xxxxxx,xxxxxx
56,,exp,coexpression,0,,CEBPD,MAFF,xxxxxx,xxxxxx
57,,exp,coexpression,0,,ADAMTS9,C11orf96,xxxxxx,xxxxxx
58,,exp,coexpression,0,,COL14A1,COL14A1,xxxxxx,xxxxxx
59,,exp,coexpression,0,,ACTA2,PDLIM3,xxxxxx,xxxxxx
60,,exp,coexpression,0,,CD44,CD44,xxxxxx,xxxxxx
61,,exp,coexpression,0,,C1R,C1R,xxxxxx,xxxxxx
62,,exp,coexpression,0,,AEBP1,AEBP1,xxxxxx,xxxxxx
63,,exp,coexpression,0,,C1QC,C1QC,xxxxxx,xxxxxx
64,,exp,coexpression,0,,EMP1,EMP1,xxxxxx,xxxxxx
65,,exp,coexpression,0,,CCL14,CCL14,xxxxxx,xxxxxx
66,,exp,coexpression,0,,ECM2,ECM2,xxxxxx,xxxxxx
67,,exp,coexpression,0,,INMT,INMT,xxxxxx,xxxxxx
68,,exp,coexpression,0,,MMP2,MMP2,xxxxxx,xxxxxx
69,,exp,coexpression,0,,PTGIS,PTGIS,xxxxxx,xxxxxx
70,,exp,coexpression,0,,C11orf96,NR4A3,xxxxxx,xxxxxx
71,,exp,coexpression,0,,AOX1,AOX1,xxxxxx,xxxxxx
72,,exp,coexpression,0,,MYH11,TAGLN,xxxxxx,xxxxxx
73,,exp,coexpression,0,,MDK,MDK,xxxxxx,xxxxxx
74,,exp,coexpression,0,,HSPB1,HSPB1,xxxxxx,xxxxxx
75,,exp,coexpression,0,,SLC2A3,SOCS3,xxxxxx,xxxxxx
76,,exp,coexpression,0,,CDKN1A,MAFF,xxxxxx,xxxxxx
77,,exp,coexpression,0,,CLSTN2,CLSTN2,xxxxxx,xxxxxx
78,,exp,coexpression,0,,ADAMTS4,BHLHE40,xxxxxx,xxxxxx
79,,exp,coexpression,0,,MFAP4,MFAP4,xxxxxx,xxxxxx
80,,exp,coexpression,0,,UPP1,UPP1,xxxxxx,xxxxxx
81,,exp,coexpression,0,,ADAMTS1,GADD45B,xxxxxx,xxxxxx
82,,exp,coexpression,0,,NFIL3,THBS1,xxxxxx,xxxxxx
83,,exp,coexpression,0,,SLCO4A1,SLCO4A1,xxxxxx,xxxxxx
84,,exp,coexpression,0,,C1QB,CD68,xxxxxx,xxxxxx
85,,exp,coexpression,0,,NAMPT,SLC2A3,xxxxxx,xxxxxx
86,,exp,coexpression,0,,COL3A1,MFAP4,xxxxxx,xxxxxx
87,,exp,coexpression,0,,HLA.DRB5,HLA.DRB5,xxxxxx,xxxxxx
88,,exp,coexpression,0,,HLA.DQB1,HLA.DRB5,xxxxxx,xxxxxx
89,,exp,coexpression,0,,OLFML1,OLFML1,xxxxxx,xxxxxx
90,,exp,coexpression,0,,AKAP12,AKAP12,xxxxxx,xxxxxx
91,,exp,coexpression,0,,CXCR4,RGS1,xxxxxx,xxxxxx
92,,exp,coexpression,0,,SLC2A3,ZFP36,xxxxxx,xxxxxx
93,,exp,coexpression,0,,FOSL2,FOSL2,xxxxxx,xxxxxx
94,,exp,coexpression,0,,BCL3,SOCS3,xxxxxx,xxxxxx
95,,exp,coexpression,0,,HILPDA,HILPDA,xxxxxx,xxxxxx
96,,exp,coexpression,0,,CD68,FCGR2A,xxxxxx,xxxxxx
97,,exp,coexpression,0,,C11orf96,VMP1,xxxxxx,xxxxxx
98,,exp,coexpression,0,,TCIM,TCIM,xxxxxx,xxxxxx
99,,exp,coexpression,0,,COL14A1,FBLN1,xxxxxx,xxxxxx
100,,exp,coexpression,0,,ICAM1,SERPINE1,xxxxxx,xxxxxx
101,,exp,coexpression,0,,NREP,NREP,xxxxxx,xxxxxx
102,,exp,coexpression,0,,ADM,DUSP5,xxxxxx,xxxxxx
103,,exp,coexpression,0,,CCL2,THBS1,xxxxxx,xxxxxx
104,,exp,coexpression,0,,C11orf96,SERPINE1,xxxxxx,xxxxxx
105,,exp,coexpression,0,,C1QA,CD68,xxxxxx,xxxxxx
106,,exp,coexpression,0,,ADM,VCAN,xxxxxx,xxxxxx
107,,exp,coexpression,0,,ADAMTS1,SOCS3,xxxxxx,xxxxxx
108,,exp,coexpression,0,,FBXO32,FBXO32,xxxxxx,xxxxxx
109,,exp,coexpression,0,,FSTL3,FSTL3,xxxxxx,xxxxxx
110,,exp,coexpression,0,,C1QC,VSIG4,xxxxxx,xxxxxx
111,,exp,coexpression,0,,CD14,CSF1R,xxxxxx,xxxxxx
112,,exp,coexpression,0,,CCDC80,MRC2,xxxxxx,xxxxxx
113,,exp,coexpression,0,,C1QA,LYZ,xxxxxx,xxxxxx
114,,exp,coexpression,0,,SLC2A3,SLC2A3,xxxxxx,xxxxxx
115,,exp,coexpression,0,,PPP1R14A,PPP1R14A,xxxxxx,xxxxxx
116,,exp,coexpression,0,,C1QB,CD163,xxxxxx,xxxxxx
117,,exp,coexpression,0,,TMEM100,TMEM100,xxxxxx,xxxxxx
118,,exp,coexpression,0,,CD163,CD68,xxxxxx,xxxxxx
119,,exp,coexpression,0,,STC1,THBS1,xxxxxx,xxxxxx
120,,exp,coexpression,0,,BGN,MFAP4,xxxxxx,xxxxxx
121,,exp,coexpression,0,,MYC,MYC,xxxxxx,xxxxxx
122,,exp,coexpression,0,,FLRT2,FLRT2,xxxxxx,xxxxxx
123,,exp,coexpression,0,,ADAMTS4,THBS1,xxxxxx,xxxxxx
124,,exp,coexpression,0,,TENM1,TENM1,xxxxxx,xxxxxx
125,,exp,coexpression,0,,IGFBP6,IGFBP6,xxxxxx,xxxxxx
126,,exp,coexpression,0,,BGN,COL14A1,xxxxxx,xxxxxx
127,,exp,coexpression,0,,SIK1,SIK1,xxxxxx,xxxxxx
128,,exp,coexpression,0,,C1QA,MS4A6A,xxxxxx,xxxxxx
129,,exp,coexpression,0,,C1QA,LAPTM5,xxxxxx,xxxxxx
130,,exp,coexpression,0,,DHCR24,DHCR24,xxxxxx,xxxxxx
131,,exp,coexpression,0,,ADAMTS1,C11orf96,xxxxxx,xxxxxx
132,,exp,coexpression,0,,SLC7A5,SLC7A5,xxxxxx,xxxxxx
133,,exp,coexpression,0,,C1QB,C1QC,xxxxxx,xxxxxx
134,,exp,coexpression,0,,SERPINE1,SOCS3,xxxxxx,xxxxxx
135,,exp,coexpression,0,,AHNAK2,AHNAK2,xxxxxx,xxxxxx
136,,exp,coexpression,0,,HES1,HES1,xxxxxx,xxxxxx
137,,exp,coexpression,0,,ADAMTS4,ADM,xxxxxx,xxxxxx
138,,exp,coexpression,0,,CCL15.CCL14,CCL15.CCL14,xxxxxx,xxxxxx
139,,exp,coexpression,0,,MS4A6A,VSIG4,xxxxxx,xxxxxx
140,,exp,coexpression,0,,ADH1B,ADH1C,xxxxxx,xxxxxx
141,,exp,coexpression,0,,VCAN,VCAN,xxxxxx,xxxxxx
142,,exp,coexpression,0,,SERPINH1,SERPINH1,xxxxxx,xxxxxx
143,,exp,coexpression,0,,CSF1R,MS4A6A,xxxxxx,xxxxxx
144,,exp,coexpression,0,,LYVE1,LYVE1,xxxxxx,xxxxxx
145,,exp,coexpression,0,,C4A,C4A,xxxxxx,xxxxxx
146,,exp,coexpression,0,,COL7A1,COL7A1,xxxxxx,xxxxxx
147,,exp,coexpression,0,,VSIG4,VSIG4,xxxxxx,xxxxxx
148,,exp,coexpression,0,,MAFF,MAFF,xxxxxx,xxxxxx
149,,exp,coexpression,0,,C1QA,IFI30,xxxxxx,xxxxxx
150,,exp,coexpression,0,,GLUL,GLUL,xxxxxx,xxxxxx
151,,exp,coexpression,0,,COL12A1,COL12A1,xxxxxx,xxxxxx
152,,exp,coexpression,0,,ADAMTS1,MAFF,xxxxxx,xxxxxx
153,,exp,coexpression,0,,ENPP2,ENPP2,xxxxxx,xxxxxx
154,,exp,coexpression,0,,LAPTM5,LAPTM5,xxxxxx,xxxxxx
155,,exp,coexpression,0,,IGF1,IGF1,xxxxxx,xxxxxx
156,,exp,coexpression,0,,RAP1GAP,RAP1GAP,xxxxxx,xxxxxx
157,,exp,coexpression,0,,PLIN4,PLIN4,xxxxxx,xxxxxx
158,,exp,coexpression,0,,SPRY1,THBS1,xxxxxx,xxxxxx
159,,exp,coexpression,0,,CD248,COL14A1,xxxxxx,xxxxxx
160,,exp,coexpression,0,,NR4A1,NR4A1,xxxxxx,xxxxxx
161,,exp,coexpression,0,,DPT,DPT,xxxxxx,xxxxxx
162,,exp,coexpression,0,,CYP1B1,CYP1B1,xxxxxx,xxxxxx
163,,exp,coexpression,0,,IL33,IL33,xxxxxx,xxxxxx
164,,exp,coexpression,0,,NEXN,NEXN,xxxxxx,xxxxxx
165,,exp,coexpression,0,,CRISPLD2,CRISPLD2,xxxxxx,xxxxxx
166,,exp,coexpression,0,,MAFF,NFIL3,xxxxxx,xxxxxx
167,,exp,coexpression,0,,CCDC80,CXCL12,xxxxxx,xxxxxx
168,,exp,coexpression,0,,MGP,MGP,xxxxxx,xxxxxx
169,,exp,coexpression,0,,SLCO2B1,SLCO2B1,xxxxxx,xxxxxx
170,,exp,coexpression,0,,ZDHHC11B,ZDHHC11B,xxxxxx,xxxxxx
171,,exp,coexpression,0,,F13A1,FCGR2A,xxxxxx,xxxxxx
172,,exp,coexpression,0,,AOC3,AOC3,xxxxxx,xxxxxx
173,,exp,coexpression,0,,SERPINF2,SERPINF2,xxxxxx,xxxxxx
174,,exp,coexpression,0,,SLC39A14,SLC39A14,xxxxxx,xxxxxx
175,,exp,coexpression,0,,ADAMTS4,GADD45B,xxxxxx,xxxxxx
176,,exp,coexpression,0,,MT1E,MT1E,xxxxxx,xxxxxx
177,,exp,coexpression,0,,F13A1,MS4A6A,xxxxxx,xxxxxx
178,,exp,coexpression,0,,ADAMTS4,PIM1,xxxxxx,xxxxxx
179,,exp,coexpression,0,,DUSP5,SOCS3,xxxxxx,xxxxxx
180,,exp,coexpression,0,,GPNMB,GPNMB,xxxxxx,xxxxxx
181,,exp,coexpression,0,,OSMR,PIM1,xxxxxx,xxxxxx
182,,exp,coexpression,0,,SPON1,SPON1,xxxxxx,xxxxxx
183,,exp,coexpression,0,,SNAI2,SNAI2,xxxxxx,xxxxxx
184,,exp,coexpression,0,,ATF3,ATF3,xxxxxx,xxxxxx
185,,exp,coexpression,0,,ICAM1,ICAM1,xxxxxx,xxxxxx
186,,exp,coexpression,0,,COL14A1,LUM,xxxxxx,xxxxxx
187,,exp,coexpression,0,,SLC16A3,SLC16A3,xxxxxx,xxxxxx
188,,exp,coexpression,0,,C1QB,VSIG4,xxxxxx,xxxxxx
189,,exp,coexpression,0,,C1QB,CD14,xxxxxx,xxxxxx
190,,exp,coexpression,0,,TXNIP,TXNIP,xxxxxx,xxxxxx
191,,exp,coexpression,0,,TNFAIP3,TNFAIP3,xxxxxx,xxxxxx
192,,exp,coexpression,0,,MAFF,SOCS3,xxxxxx,xxxxxx
193,,exp,coexpression,0,,MYOM1,MYOM1,xxxxxx,xxxxxx
194,,exp,coexpression,0,,SLC11A1,SLC11A1,xxxxxx,xxxxxx
195,,exp,coexpression,0,,LAMA2,LAMA2,xxxxxx,xxxxxx
196,,exp,coexpression,0,,SVEP1,SVEP1,xxxxxx,xxxxxx
197,,exp,coexpression,0,,NNMT,NNMT,xxxxxx,xxxxxx
198,,exp,coexpression,0,,CCDC80,CD248,xxxxxx,xxxxxx
199,,exp,coexpression,0,,C1QA,F13A1,xxxxxx,xxxxxx
200,,exp,coexpression,0,,JUNB,JUNB,xxxxxx,xxxxxx
201,,exp,coexpression,0,,ABCA6,ABCA6,xxxxxx,xxxxxx
202,,exp,coexpression,0,,HLA.DQB1,HLA.DQB1,xxxxxx,xxxxxx
203,,exp,coexpression,0,,CCN1,CCN1,xxxxxx,xxxxxx
204,,exp,coexpression,0,,ASPA,ASPA,xxxxxx,xxxxxx
205,,exp,coexpression,0,,FCGR2A,MS4A6A,xxxxxx,xxxxxx
206,,exp,coexpression,0,,FOSL2,MAFF,xxxxxx,xxxxxx
207,,exp,coexpression,0,,MAOA,MAOA,xxxxxx,xxxxxx
208,,exp,coexpression,0,,C1QC,CD163,xxxxxx,xxxxxx
209,,exp,coexpression,0,,SRPX,SRPX,xxxxxx,xxxxxx
210,,exp,coexpression,0,,CFH,CFH,xxxxxx,xxxxxx
211,,exp,coexpression,0,,ISLR,MRC2,xxxxxx,xxxxxx
212,,exp,coexpression,0,,CD36,CD36,xxxxxx,xxxxxx
213,,exp,coexpression,0,,TRIB1,TRIB1,xxxxxx,xxxxxx
214,,exp,coexpression,0,,ADAMTS1,VMP1,xxxxxx,xxxxxx
215,,exp,coexpression,0,,ISLR,MFAP4,xxxxxx,xxxxxx
216,,exp,coexpression,0,,CEBPD,CEBPD,xxxxxx,xxxxxx
217,,exp,coexpression,0,,SERPINA1,SERPINA1,xxxxxx,xxxxxx
218,,exp,coexpression,0,,AQP1,AQP1,xxxxxx,xxxxxx
219,,exp,coexpression,0,,LYZ,MS4A6A,xxxxxx,xxxxxx
220,,exp,coexpression,0,,PHLDA1,PHLDA1,xxxxxx,xxxxxx
221,,exp,coexpression,0,,C1QC,LYVE1,xxxxxx,xxxxxx
222,,exp,coexpression,0,,NR4A2,SLC2A3,xxxxxx,xxxxxx
223,,exp,coexpression,0,,SYTL2,SYTL2,xxxxxx,xxxxxx
224,,exp,coexpression,0,,SAMHD1,SAMHD1,xxxxxx,xxxxxx
225,,exp,coexpression,0,,CSF1R,F13A1,xxxxxx,xxxxxx
226,,exp,coexpression,0,,ICAM1,OSMR,xxxxxx,xxxxxx
227,,exp,coexpression,0,,SPP1,SPP1,xxxxxx,xxxxxx
228,,exp,coexpression,0,,TNFRSF12A,TNFRSF12A,xxxxxx,xxxxxx
229,,exp,coexpression,0,,CD68,CD68,xxxxxx,xxxxxx
230,,exp,coexpression,0,,PTN,PTN,xxxxxx,xxxxxx
231,,exp,coexpression,0,,SGK1,SGK1,xxxxxx,xxxxxx
232,,exp,coexpression,0,,ZC3H12A,ZC3H12A,xxxxxx,xxxxxx
233,,exp,coexpression,0,,ADAMTS4,ICAM1,xxxxxx,xxxxxx
234,,exp,coexpression,0,,ISLR,ISLR,xxxxxx,xxxxxx
235,,exp,coexpression,0,,C1QB,MRC1,xxxxxx,xxxxxx
236,,exp,coexpression,0,,MAFF,VMP1,xxxxxx,xxxxxx
237,,exp,coexpression,0,,MT1M,MT1X,xxxxxx,xxxxxx
238,,exp,coexpression,0,,IER3,IER3,xxxxxx,xxxxxx
239,,exp,coexpression,0,,PRRT2,PRRT2,xxxxxx,xxxxxx
240,,exp,coexpression,0,,MYC,SOCS3,xxxxxx,xxxxxx
241,,exp,coexpression,0,,IFI44L,IFI44L,xxxxxx,xxxxxx
242,,exp,coexpression,0,,C11orf96,IER3,xxxxxx,xxxxxx
243,,exp,coexpression,0,,BGN,CCDC80,xxxxxx,xxxxxx
244,,exp,coexpression,0,,GADD45B,SERPINE1,xxxxxx,xxxxxx
245,,exp,coexpression,0,,NAMPT,THBS1,xxxxxx,xxxxxx
246,,exp,coexpression,0,,DUSP5,DUSP5,xxxxxx,xxxxxx
247,,exp,coexpression,0,,SCD,SCD,xxxxxx,xxxxxx
248,,exp,coexpression,0,,ADAMTS4,IER3,xxxxxx,xxxxxx
249,,exp,coexpression,0,,CDKN1A,SERPINE1,xxxxxx,xxxxxx
250,,exp,coexpression,0,,HSPA1A,HSPA1B,xxxxxx,xxxxxx
251,,exp,coexpression,0,,C11orf96,GADD45B,xxxxxx,xxxxxx
252,,exp,coexpression,0,,PIM1,ZFP36,xxxxxx,xxxxxx
253,,exp,coexpression,0,,FASN,FASN,xxxxxx,xxxxxx
254,,exp,coexpression,0,,HSPB6,HSPB6,xxxxxx,xxxxxx
255,,exp,coexpression,0,,SOCS3,THBS1,xxxxxx,xxxxxx
256,,exp,coexpression,0,,C1QA,CSF1R,xxxxxx,xxxxxx
257,,exp,coexpression,0,,APOE,APOE,xxxxxx,xxxxxx
258,,exp,coexpression,0,,FBLN1,FBLN1,xxxxxx,xxxxxx
259,,exp,coexpression,0,,CSF1R,STAB1,xxxxxx,xxxxxx
260,,exp,coexpression,0,,C1QA,FCGR3A,xxxxxx,xxxxxx
261,,exp,coexpression,0,,C1QB,LAPTM5,xxxxxx,xxxxxx
262,,exp,coexpression,0,,C1QC,LYZ,xxxxxx,xxxxxx
263,,exp,coexpression,0,,MT1X,MT1X,xxxxxx,xxxxxx
264,,exp,coexpression,0,,ADAMTS4,MAFF,xxxxxx,xxxxxx
265,,exp,coexpression,0,,CDKN1A,GADD45B,xxxxxx,xxxxxx
266,,exp,coexpression,0,,ACTA2,AOC3,xxxxxx,xxxxxx
267,,exp,coexpression,0,,COL14A1,COL1A2,xxxxxx,xxxxxx
268,,exp,coexpression,0,,MEGF6,MEGF6,xxxxxx,xxxxxx
269,,exp,coexpression,0,,SLC2A3,TCIM,xxxxxx,xxxxxx
270,,exp,coexpression,0,,MT.CO1,MT.CO1,xxxxxx,xxxxxx
271,,exp,coexpression,0,,ELN,FBLN1,xxxxxx,xxxxxx
272,,exp,coexpression,0,,COL1A2,COL3A1,xxxxxx,xxxxxx
273,,exp,coexpression,0,,ADAMTS9,THBS1,xxxxxx,xxxxxx
274,,exp,coexpression,0,,CFB,CFB,xxxxxx,xxxxxx
275,,exp,coexpression,0,,STEAP4,STEAP4,xxxxxx,xxxxxx
276,,exp,coexpression,0,,EDNRB,EDNRB,xxxxxx,xxxxxx
277,,exp,coexpression,0,,ADAMTS9,ZFP36,xxxxxx,xxxxxx
278,,exp,coexpression,0,,MAMDC2,MAMDC2,xxxxxx,xxxxxx
279,,exp,coexpression,0,,C1QB,STAB1,xxxxxx,xxxxxx
280,,exp,coexpression,0,,PLA2G2A,PLA2G2A,xxxxxx,xxxxxx
281,,exp,coexpression,0,,ID1,ID1,xxxxxx,xxxxxx
282,,exp,coexpression,0,,PLIN5,PLIN5,xxxxxx,xxxxxx
283,,exp,coexpression,0,,PLIN2,PLIN2,xxxxxx,xxxxxx
284,,exp,coexpression,0,,GADD45G,GADD45G,xxxxxx,xxxxxx
285,,exp,coexpression,0,,FCGR3A,FCGR3A,xxxxxx,xxxxxx
286,,exp,coexpression,0,,ALDH1L1,ALDH1L1,xxxxxx,xxxxxx
287,,exp,coexpression,0,,CD163,MS4A6A,xxxxxx,xxxxxx
288,,exp,coexpression,0,,OSMR,SOCS3,xxxxxx,xxxxxx
289,,exp,coexpression,0,,ADAMTS2,ADAMTS2,xxxxxx,xxxxxx
290,,exp,coexpression,0,,IFI30,IFI30,xxxxxx,xxxxxx
291,,exp,coexpression,0,,CXCL12,CXCL12,xxxxxx,xxxxxx
292,,exp,coexpression,0,,VMP1,ZFP36,xxxxxx,xxxxxx
293,,exp,coexpression,0,,TYMP,TYMP,xxxxxx,xxxxxx
294,,exp,coexpression,0,,RGS5,RGS5,xxxxxx,xxxxxx
295,,exp,coexpression,0,,ADAMTS4,VMP1,xxxxxx,xxxxxx
296,,exp,coexpression,0,,ACKR3,ACKR3,xxxxxx,xxxxxx
297,,exp,coexpression,0,,EGR1,FOS,xxxxxx,xxxxxx
298,,exp,coexpression,0,,MRC2,MRC2,xxxxxx,xxxxxx
299,,exp,coexpression,0,,DEPP1,DEPP1,xxxxxx,xxxxxx
300,,exp,coexpression,0,,ITGA8,ITGA8,xxxxxx,xxxxxx
301,,exp,coexpression,0,,COL1A2,MRC2,xxxxxx,xxxxxx
302,,exp,coexpression,0,,SERPINE1,ZFP36,xxxxxx,xxxxxx
303,,exp,coexpression,0,,PDK4,PDK4,xxxxxx,xxxxxx
304,,exp,coexpression,0,,ASPN,ASPN,xxxxxx,xxxxxx
305,,exp,coexpression,0,,CD163,F13A1,xxxxxx,xxxxxx
306,,exp,coexpression,0,,CD163,VSIG4,xxxxxx,xxxxxx
307,,exp,coexpression,0,,TIMP3,TIMP3,xxxxxx,xxxxxx
308,,exp,coexpression,0,,TGFB3,TGFB3,xxxxxx,xxxxxx
309,,exp,coexpression,0,,SFRP4,SFRP4,xxxxxx,xxxxxx
310,,exp,coexpression,0,,ADAMTS4,ZFP36,xxxxxx,xxxxxx
311,,exp,coexpression,0,,S100A4,S100A4,xxxxxx,xxxxxx
312,,exp,coexpression,0,,C1QB,CSF1R,xxxxxx,xxxxxx
313,,exp,coexpression,0,,C3,C3,xxxxxx,xxxxxx
314,,exp,coexpression,0,,FLT1,FLT1,xxxxxx,xxxxxx
315,,exp,coexpression,0,,PRUNE2,PRUNE2,xxxxxx,xxxxxx
316,,exp,coexpression,0,,C1QB,MS4A6A,xxxxxx,xxxxxx
317,,exp,coexpression,0,,COL14A1,CXCL12,xxxxxx,xxxxxx
318,,exp,coexpression,0,,THBD,THBD,xxxxxx,xxxxxx
319,,exp,coexpression,0,,ITGB2,ITGB2,xxxxxx,xxxxxx
320,,exp,coexpression,0,,ICAM1,STC1,xxxxxx,xxxxxx
321,,exp,coexpression,0,,COL1A1,ISLR,xxxxxx,xxxxxx
322,,exp,coexpression,0,,LMOD1,MYH11,xxxxxx,xxxxxx
323,,exp,coexpression,0,,ADAMTS4,SOCS3,xxxxxx,xxxxxx
324,,exp,coexpression,0,,COL14A1,MFAP4,xxxxxx,xxxxxx
325,,exp,coexpression,0,,CD163,CSF1R,xxxxxx,xxxxxx
326,,exp,coexpression,0,,RARRES1,RARRES1,xxxxxx,xxxxxx
327,,exp,coexpression,0,,ARID5A,ARID5A,xxxxxx,xxxxxx
328,,exp,coexpression,0,,HMGB3,HMGB3,xxxxxx,xxxxxx
329,,exp,coexpression,0,,FMO2,FMO2,xxxxxx,xxxxxx
330,,exp,coexpression,0,,FRZB,FRZB,xxxxxx,xxxxxx
331,,exp,coexpression,0,,PODN,PODN,xxxxxx,xxxxxx
332,,exp,coexpression,0,,FCGR2A,SLC11A1,xxxxxx,xxxxxx
333,,exp,coexpression,0,,PLVAP,PLVAP,xxxxxx,xxxxxx
334,,exp,coexpression,0,,FOS,NR4A2,xxxxxx,xxxxxx
335,,exp,coexpression,0,,C11orf96,THBS1,xxxxxx,xxxxxx
336,,exp,coexpression,0,,KLF15,KLF15,xxxxxx,xxxxxx
337,,exp,coexpression,0,,FBLN2,FBLN2,xxxxxx,xxxxxx
338,,exp,coexpression,0,,BCL3,C11orf96,xxxxxx,xxxxxx
339,,exp,coexpression,0,,CCL2,CCL2,xxxxxx,xxxxxx
340,,exp,coexpression,0,,DDIT4,DDIT4,xxxxxx,xxxxxx
341,,exp,coexpression,0,,FASN,SCD,xxxxxx,xxxxxx
342,,exp,coexpression,0,,ADAMTS1,ADAMTS4,xxxxxx,xxxxxx
343,,exp,coexpression,0,,FRZB,MFAP4,xxxxxx,xxxxxx
344,,exp,coexpression,0,,LDLR,LDLR,xxxxxx,xxxxxx
345,,exp,coexpression,0,,PTGDS,PTGDS,xxxxxx,xxxxxx
346,,exp,coexpression,0,,COL14A1,ISLR,xxxxxx,xxxxxx
347,,exp,coexpression,0,,PRELP,PRELP,xxxxxx,xxxxxx
348,,exp,coexpression,0,,ACTA2,TAGLN,xxxxxx,xxxxxx
349,,exp,coexpression,0,,IGF2,IGF2,xxxxxx,xxxxxx
350,,exp,coexpression,0,,MAFF,NAMPT,xxxxxx,xxxxxx
351,,exp,coexpression,0,,VCAM1,VCAM1,xxxxxx,xxxxxx
352,,exp,coexpression,0,,C1QB,LYZ,xxxxxx,xxxxxx
353,,exp,coexpression,0,,C4A,C4B,xxxxxx,xxxxxx
354,,exp,coexpression,0,,ADH1B,GPX3,xxxxxx,xxxxxx
355,,exp,coexpression,0,,C1QC,MRC1,xxxxxx,xxxxxx
356,,exp,coexpression,0,,CEBPD,FOSL2,xxxxxx,xxxxxx
357,,exp,coexpression,0,,CSF1R,LYVE1,xxxxxx,xxxxxx
358,,exp,coexpression,0,,FLNC,FLNC,xxxxxx,xxxxxx
359,,exp,coexpression,0,,MYH11,MYH11,xxxxxx,xxxxxx
360,,exp,coexpression,0,,LAPTM5,LCP1,xxxxxx,xxxxxx
361,,exp,coexpression,0,,C1QB,F13A1,xxxxxx,xxxxxx
362,,exp,coexpression,0,,GPX3,GPX3,xxxxxx,xxxxxx
363,,exp,coexpression,0,,CCDC80,CPXM2,xxxxxx,xxxxxx
364,,exp,coexpression,0,,BCL6,BCL6,xxxxxx,xxxxxx
365,,exp,coexpression,0,,FBLN1,MFAP4,xxxxxx,xxxxxx
366,,exp,coexpression,0,,STAB1,STAB1,xxxxxx,xxxxxx
367,,exp,coexpression,0,,JUNB,ZFP36,xxxxxx,xxxxxx
368,,exp,coexpression,0,,ANXA1,ANXA1,xxxxxx,xxxxxx
369,,exp,coexpression,0,,ADH1C,GPX3,xxxxxx,xxxxxx
370,,exp,coexpression,0,,OGN,OGN,xxxxxx,xxxxxx
371,,exp,coexpression,0,,COL1A2,LUM,xxxxxx,xxxxxx
372,,exp,coexpression,0,,DES,DES,xxxxxx,xxxxxx
373,,exp,coexpression,0,,ADAMTS4,SERPINE1,xxxxxx,xxxxxx
374,,exp,coexpression,0,,CSF1R,FCGR3A,xxxxxx,xxxxxx
375,,exp,coexpression,0,,COL3A1,COL3A1,xxxxxx,xxxxxx
376,,exp,coexpression,0,,CCDC80,COL1A2,xxxxxx,xxxxxx
377,,exp,coexpression,0,,LUM,MFAP4,xxxxxx,xxxxxx
378,,exp,coexpression,0,,H2AC6,H2AC6,xxxxxx,xxxxxx
379,,exp,coexpression,0,,BTG2,FOS,xxxxxx,xxxxxx
380,,exp,coexpression,0,,BGN,DCN,xxxxxx,xxxxxx
381,,exp,coexpression,0,,CHRDL1,CHRDL1,xxxxxx,xxxxxx
382,,exp,coexpression,0,,ZFP36,ZFP36,xxxxxx,xxxxxx
383,,exp,coexpression,0,,ADH1B,ADH1B,xxxxxx,xxxxxx
384,,exp,coexpression,0,,C11orf96,PIM1,xxxxxx,xxxxxx
385,,exp,coexpression,0,,C1QB,IFI30,xxxxxx,xxxxxx
386,,exp,coexpression,0,,GADD45B,MAFF,xxxxxx,xxxxxx
387,,exp,coexpression,0,,C1QC,IFI30,xxxxxx,xxxxxx
388,,exp,coexpression,0,,CRYAB,CRYAB,xxxxxx,xxxxxx
389,,exp,coexpression,0,,ISLR,LUM,xxxxxx,xxxxxx
390,,exp,coexpression,0,,TNFAIP2,TNFAIP2,xxxxxx,xxxxxx
391,,exp,coexpression,0,,RUNX1,RUNX1,xxxxxx,xxxxxx
392,,exp,coexpression,0,,CD14,FCGR2A,xxxxxx,xxxxxx
393,,exp,coexpression,0,,NABP1,NABP1,xxxxxx,xxxxxx
394,,exp,coexpression,0,,ACTG2,ACTG2,xxxxxx,xxxxxx
395,,exp,coexpression,0,,ITGA10,ITGA10,xxxxxx,xxxxxx
396,,exp,coexpression,0,,LMOD1,LMOD1,xxxxxx,xxxxxx
397,,exp,coexpression,0,,CCDC3,CCDC3,xxxxxx,xxxxxx
398,,exp,coexpression,0,,ADM,THBS1,xxxxxx,xxxxxx
399,,exp,coexpression,0,,CDKN1A,CDKN1A,xxxxxx,xxxxxx
400,,exp,coexpression,0,,CPXM2,CPXM2,xxxxxx,xxxxxx
401,,exp,coexpression,0,,CD248,CD248,xxxxxx,xxxxxx
402,,exp,coexpression,0,,FOS,SLC2A3,xxxxxx,xxxxxx
403,,exp,coexpression,0,,NAMPT,NFIL3,xxxxxx,xxxxxx
404,,exp,coexpression,0,,SERPINA3,SERPINA3,xxxxxx,xxxxxx
405,,exp,coexpression,0,,CD68,LYVE1,xxxxxx,xxxxxx
406,,exp,coexpression,0,,ICAM1,PIM1,xxxxxx,xxxxxx
407,,exp,coexpression,0,,CCN2,CCN2,xxxxxx,xxxxxx
408,,exp,coexpression,0,,LUM,LUM,xxxxxx,xxxxxx
409,,exp,coexpression,0,,GBP1,GBP1,xxxxxx,xxxxxx
410,,exp,coexpression,0,,COL1A1,COL3A1,xxxxxx,xxxxxx
411,,exp,coexpression,0,,PIM1,PIM1,xxxxxx,xxxxxx
412,,exp,coexpression,0,,SLC11A1,TLR2,xxxxxx,xxxxxx
413,,exp,coexpression,0,,NOS3,NOS3,xxxxxx,xxxxxx
414,,exp,coexpression,0,,SERPINE1,SERPINE1,xxxxxx,xxxxxx
415,,exp,coexpression,0,,COL3A1,ISLR,xxxxxx,xxxxxx
416,,exp,coexpression,0,,IL32,IL32,xxxxxx,xxxxxx
417,,exp,coexpression,0,,IER5L,ZFP36,xxxxxx,xxxxxx
418,,exp,coexpression,0,,ATF3,BHLHE40,xxxxxx,xxxxxx
419,,exp,coexpression,0,,GADD45B,ICAM1,xxxxxx,xxxxxx
420,,exp,coexpression,0,,XAF1,XAF1,xxxxxx,xxxxxx
421,,exp,coexpression,0,,MAFF,THBS1,xxxxxx,xxxxxx
422,,exp,coexpression,0,,NCAM1,NCAM1,xxxxxx,xxxxxx
423,,exp,coexpression,0,,MAFF,ZFP36,xxxxxx,xxxxxx
424,,exp,coexpression,0,,FBLN1,ISLR,xxxxxx,xxxxxx
425,,exp,coexpression,0,,CD14,F13A1,xxxxxx,xxxxxx
426,,exp,coexpression,0,,C1QC,MS4A6A,xxxxxx,xxxxxx
427,,exp,coexpression,0,,GEM,GEM,xxxxxx,xxxxxx
428,,exp,coexpression,0,,PLAT,PLAT,xxxxxx,xxxxxx
429,,exp,coexpression,0,,C1QA,MRC1,xxxxxx,xxxxxx
430,,exp,coexpression,0,,MT1X,MT2A,xxxxxx,xxxxxx
431,,exp,coexpression,0,,RNASE1,RNASE1,xxxxxx,xxxxxx
432,,exp,coexpression,0,,ADAMTS9,ADAMTS9,xxxxxx,xxxxxx
433,,exp,coexpression,0,,ERRFI1,ERRFI1,xxxxxx,xxxxxx
434,,exp,coexpression,0,,C11orf96,SOCS3,xxxxxx,xxxxxx
435,,exp,coexpression,0,,GABRE,GABRE,xxxxxx,xxxxxx
436,,exp,coexpression,0,,SLC1A3,SLC1A3,xxxxxx,xxxxxx
437,,exp,coexpression,0,,DPT,MFAP4,xxxxxx,xxxxxx
438,,exp,coexpression,0,,MT1M,MT1M,xxxxxx,xxxxxx
439,,exp,coexpression,0,,VIM,VIM,xxxxxx,xxxxxx
440,,exp,coexpression,0,,C11orf96,MAFF,xxxxxx,xxxxxx
441,,exp,coexpression,0,,NR4A3,NR4A3,xxxxxx,xxxxxx
442,,exp,coexpression,0,,DUSP5,THBS1,xxxxxx,xxxxxx
443,,exp,coexpression,0,,COL1A2,MFAP4,xxxxxx,xxxxxx
444,,exp,coexpression,0,,GADD45A,GADD45A,xxxxxx,xxxxxx
445,,exp,coexpression,0,,ACKR1,ACKR1,xxxxxx,xxxxxx
446,,exp,coexpression,0,,CCDC80,ISLR,xxxxxx,xxxxxx
447,,exp,coexpression,0,,CD68,CSF1R,xxxxxx,xxxxxx
448,,exp,coexpression,0,,ADAM19,ADAM19,xxxxxx,xxxxxx
449,,exp,coexpression,0,,BCAT1,BCAT1,xxxxxx,xxxxxx
450,,exp,coexpression,0,,GADD45B,SOCS3,xxxxxx,xxxxxx
451,,exp,coexpression,0,,TAGLN,TAGLN,xxxxxx,xxxxxx
452,,exp,coexpression,0,,ICAM1,THBS1,xxxxxx,xxxxxx
453,,exp,coexpression,0,,ADH1C,ADH1C,xxxxxx,xxxxxx
454,,exp,coexpression,0,,BTNL9,BTNL9,xxxxxx,xxxxxx
455,,exp,coexpression,0,,PLN,PLN,xxxxxx,xxxxxx
456,,exp,coexpression,0,,SSC5D,SSC5D,xxxxxx,xxxxxx
457,,exp,coexpression,0,,TGM2,TGM2,xxxxxx,xxxxxx
458,,exp,coexpression,0,,MGST1,MGST1,xxxxxx,xxxxxx
459,,exp,coexpression,0,,SPON2,SPON2,xxxxxx,xxxxxx
460,,exp,coexpression,0,,ADAMTS4,C11orf96,xxxxxx,xxxxxx
461,,exp,coexpression,0,,CCDC80,MFAP4,xxxxxx,xxxxxx
462,,exp,coexpression,0,,BGN,ISLR,xxxxxx,xxxxxx
463,,exp,coexpression,0,,THBS2,THBS2,xxxxxx,xxxxxx
464,,exp,coexpression,0,,C4B,C4B,xxxxxx,xxxxxx
465,,exp,coexpression,0,,CSF1R,CSF1R,xxxxxx,xxxxxx
466,,exp,coexpression,0,,MS4A6A,MS4A6A,xxxxxx,xxxxxx
467,,exp,coexpression,0,,CISH,CISH,xxxxxx,xxxxxx
468,,exp,coexpression,0,,APCDD1,APCDD1,xxxxxx,xxxxxx
469,,exp,coexpression,0,,ANGPTL1,ANGPTL1,xxxxxx,xxxxxx
470,,exp,coexpression,0,,CD14,CD163,xxxxxx,xxxxxx
471,,exp,coexpression,0,,CCDC80,FRZB,xxxxxx,xxxxxx
472,,exp,coexpression,0,,GADD45B,GADD45B,xxxxxx,xxxxxx
473,,exp,coexpression,0,,IRS2,IRS2,xxxxxx,xxxxxx
474,,exp,coexpression,0,,C1QA,C1QC,xxxxxx,xxxxxx
475,,exp,coexpression,0,,C11orf96,ICAM1,xxxxxx,xxxxxx
476,,exp,coexpression,0,,ITIH5,ITIH5,xxxxxx,xxxxxx
477,,exp,coexpression,0,,C1QC,CSF1R,xxxxxx,xxxxxx
478,,exp,coexpression,0,,C1QA,C1QA,xxxxxx,xxxxxx
479,,exp,coexpression,0,,TNC,TNC,xxxxxx,xxxxxx
480,,exp,coexpression,0,,C1QA,VSIG4,xxxxxx,xxxxxx
481,,exp,coexpression,0,,SERPINE2,SERPINE2,xxxxxx,xxxxxx
482,,exp,coexpression,0,,C1QA,LYVE1,xxxxxx,xxxxxx
483,,exp,coexpression,0,,NFIL3,NFIL3,xxxxxx,xxxxxx
484,,exp,coexpression,0,,CSF3R,CSF3R,xxxxxx,xxxxxx
485,,exp,coexpression,0,,BGN,LUM,xxxxxx,xxxxxx
486,,exp,coexpression,0,,MYLK,MYLK,xxxxxx,xxxxxx
487,,exp,coexpression,0,,CSF1R,LAPTM5,xxxxxx,xxxxxx
488,,exp,coexpression,0,,IER5L,IER5L,xxxxxx,xxxxxx
489,,exp,coexpression,0,,AKR1C2,AKR1C2,xxxxxx,xxxxxx
490,,exp,coexpression,0,,CCL2,SOCS3,xxxxxx,xxxxxx
491,,exp,coexpression,0,,CD14,LYVE1,xxxxxx,xxxxxx
492,,exp,coexpression,0,,MFAP4,MRC2,xxxxxx,xxxxxx
493,,exp,coexpression,0,,DPYSL3,DPYSL3,xxxxxx,xxxxxx
494,,exp,coexpression,0,,CDKN1A,ZFP36,xxxxxx,xxxxxx
495,,exp,coexpression,0,,CX3CL1,CX3CL1,xxxxxx,xxxxxx
496,,exp,coexpression,0,,ADAMTS4,ADAMTS4,xxxxxx,xxxxxx
497,,exp,coexpression,0,,C1QA,CD14,xxxxxx,xxxxxx
498,,exp,coexpression,0,,CCDC80,COL1A1,xxxxxx,xxxxxx
499,,exp,coexpression,0,,JUNB,NR4A2,xxxxxx,xxxxxx
500,,exp,coexpression,0,,PER3,PER3,xxxxxx,xxxxxx
501,,exp,coexpression,0,,C11orf96,ZFP36,xxxxxx,xxxxxx
502,,exp,coexpression,0,,ACTA2,ACTA2,xxxxxx,xxxxxx
503,,exp,coexpression,0,,F13A1,F13A1,xxxxxx,xxxxxx
504,,exp,coexpression,0,,DCN,EFEMP1,xxxxxx,xxxxxx
505,,exp,coexpression,0,,COL1A1,COL1A2,xxxxxx,xxxxxx
506,,exp,coexpression,0,,LOX,LOX,xxxxxx,xxxxxx
507,,exp,coexpression,0,,FGF7,FGF7,xxxxxx,xxxxxx
508,,exp,coexpression,0,,ACTA2,MFAP4,xxxxxx,xxxxxx
509,,exp,coexpression,0,,VWF,VWF,xxxxxx,xxxxxx
510,,exp,coexpression,0,,SLIT3,SLIT3,xxxxxx,xxxxxx
511,,exp,coexpression,0,,HLA.DQA1,HLA.DQA1,xxxxxx,xxxxxx
512,,exp,coexpression,0,,CFD,CFD,xxxxxx,xxxxxx
513,,exp,coexpression,0,,ADAMTS4,NR4A3,xxxxxx,xxxxxx
514,,exp,coexpression,0,,LDB3,LDB3,xxxxxx,xxxxxx
515,,exp,coexpression,0,,C11orf96,C11orf96,xxxxxx,xxxxxx
516,,exp,coexpression,0,,LYVE1,MS4A6A,xxxxxx,xxxxxx
517,,exp,coexpression,0,,TIMP1,TIMP1,xxxxxx,xxxxxx
518,,exp,coexpression,0,,FADS2,FADS2,xxxxxx,xxxxxx
519,,exp,coexpression,0,,HMOX1,HMOX1,xxxxxx,xxxxxx
520,,exp,coexpression,0,,IRAG1,IRAG1,xxxxxx,xxxxxx
521,,exp,coexpression,0,,BHLHE41,BHLHE41,xxxxxx,xxxxxx
522,,exp,coexpression,0,,COL4A1,COL4A1,xxxxxx,xxxxxx
523,,exp,coexpression,0,,BHLHE40,C11orf96,xxxxxx,xxxxxx
524,,exp,coexpression,0,,BTG2,NR4A2,xxxxxx,xxxxxx
525,,exp,coexpression,0,,COL3A1,LUM,xxxxxx,xxxxxx
526,,exp,coexpression,0,,BGN,COL3A1,xxxxxx,xxxxxx
527,,exp,coexpression,0,,ELN,ELN,xxxxxx,xxxxxx
528,,exp,coexpression,0,,NTRK2,NTRK2,xxxxxx,xxxxxx
529,,exp,coexpression,0,,COL14A1,COL3A1,xxxxxx,xxxxxx
530,,exp,coexpression,0,,LCP1,LCP1,xxxxxx,xxxxxx
531,,exp,coexpression,0,,CD14,CD14,xxxxxx,xxxxxx
532,,exp,coexpression,0,,CP,CP,xxxxxx,xxxxxx
533,,exp,coexpression,0,,FKBP5,FKBP5,xxxxxx,xxxxxx
534,,exp,coexpression,0,,BHLHE40,BHLHE40,xxxxxx,xxxxxx
535,,exp,coexpression,0,,BCL3,BCL3,xxxxxx,xxxxxx
536,,exp,coexpression,0,,C1QC,FCGR2A,xxxxxx,xxxxxx
537,,exp,coexpression,0,,HLA.DRB1,HLA.DRB1,xxxxxx,xxxxxx
538,,exp,coexpression,0,,ICAM1,SOCS3,xxxxxx,xxxxxx
539,,exp,coexpression,0,,NFIL3,SOCS3,xxxxxx,xxxxxx
540,,exp,coexpression,0,,C1QTNF1,C1QTNF1,xxxxxx,xxxxxx
541,,exp,coexpression,0,,CCL14,CCL15.CCL14,xxxxxx,xxxxxx
542,,exp,coexpression,0,,SOCS3,STC1,xxxxxx,xxxxxx
543,,exp,coexpression,0,,G0S2,G0S2,xxxxxx,xxxxxx
544,,exp,coexpression,0,,IFIT1,IFIT1,xxxxxx,xxxxxx
545,,exp,coexpression,0,,CD248,COL1A2,xxxxxx,xxxxxx
546,,exp,coexpression,0,,KLF2,KLF2,xxxxxx,xxxxxx
547,,exp,coexpression,0,,COL14A1,COL1A1,xxxxxx,xxxxxx
548,,exp,coexpression,0,,PDE4B,PDE4B,xxxxxx,xxxxxx
549,,exp,coexpression,0,,GADD45B,MYC,xxxxxx,xxxxxx
550,,exp,coexpression,0,,ADAMTS4,BCL3,xxxxxx,xxxxxx
551,,exp,coexpression,0,,ADAM33,ADAM33,xxxxxx,xxxxxx
552,,exp,coexpression,0,,CD14,CD68,xxxxxx,xxxxxx
553,,exp,coexpression,0,,MAFF,SERPINE1,xxxxxx,xxxxxx
554,,exp,coexpression,0,,ICAM1,ZFP36,xxxxxx,xxxxxx
555,,exp,coexpression,0,,COL15A1,COL15A1,xxxxxx,xxxxxx
556,,exp,coexpression,0,,CNR1,CNR1,xxxxxx,xxxxxx
557,,exp,coexpression,0,,FCGBP,FCGBP,xxxxxx,xxxxxx
558,,exp,coexpression,0,,CD163,IFI30,xxxxxx,xxxxxx
559,,exp,coexpression,0,,BTG2,EGR1,xxxxxx,xxxxxx
560,,exp,coexpression,0,,BHLHE40,IER3,xxxxxx,xxxxxx
561,,exp,coexpression,0,,VMP1,VMP1,xxxxxx,xxxxxx
562,,exp,coexpression,0,,MYC,ZFP36,xxxxxx,xxxxxx
563,,exp,coexpression,0,,BCL3,SERPINE1,xxxxxx,xxxxxx
564,,exp,coexpression,0,,MRC1,MRC1,xxxxxx,xxxxxx
565,,exp,coexpression,0,,C7,C7,xxxxxx,xxxxxx
566,,exp,coexpression,0,,ADAMTS9,ICAM1,xxxxxx,xxxxxx
567,,exp,coexpression,0,,CD248,COL3A1,xxxxxx,xxxxxx
568,,exp,coexpression,0,,HIF3A,HIF3A,xxxxxx,xxxxxx
569,,exp,coexpression,0,,ARRDC3,ARRDC3,xxxxxx,xxxxxx
570,,exp,coexpression,0,,CD163,FCGR2A,xxxxxx,xxxxxx
571,,exp,coexpression,0,,COL14A1,DPT,xxxxxx,xxxxxx
572,,exp,coexpression,0,,VEGFA,VEGFA,xxxxxx,xxxxxx
573,,exp,coexpression,0,,EGR1,EGR1,xxxxxx,xxxxxx
574,,exp,coexpression,0,,ATP1A2,ATP1A2,xxxxxx,xxxxxx
575,,exp,coexpression,0,,ADAMTS1,ZFP36,xxxxxx,xxxxxx
576,,exp,coexpression,0,,FCGR2A,FCGR2A,xxxxxx,xxxxxx
577,,exp,coexpression,0,,C1QB,LYVE1,xxxxxx,xxxxxx
578,,exp,coexpression,0,,MAFF,NR4A3,xxxxxx,xxxxxx
579,,exp,coexpression,0,,EFEMP1,EFEMP1,xxxxxx,xxxxxx
580,,exp,coexpression,0,,SPOCK1,SPOCK1,xxxxxx,xxxxxx
581,,exp,coexpression,0,,NAMPT,SOCS3,xxxxxx,xxxxxx
582,,exp,coexpression,0,,DCN,FBLN1,xxxxxx,xxxxxx
583,,exp,coexpression,0,,CXCL12,ISLR,xxxxxx,xxxxxx
584,,exp,coexpression,0,,CEBPD,GADD45B,xxxxxx,xxxxxx
585,,exp,coexpression,0,,IGFBP5,IGFBP5,xxxxxx,xxxxxx
586,,exp,coexpression,0,,COL1A1,COL1A1,xxxxxx,xxxxxx
587,,exp,coexpression,0,,FOS,FOS,xxxxxx,xxxxxx
588,,exp,coexpression,0,,DEPP1,ZFP36,xxxxxx,xxxxxx
589,,exp,coexpression,0,,AKR1C2,SCD,xxxxxx,xxxxxx
590,,exp,coexpression,0,,COL5A3,COL5A3,xxxxxx,xxxxxx
591,,exp,coexpression,0,,ABI3BP,ABI3BP,xxxxxx,xxxxxx
592,,exp,coexpression,0,,ADAMTS1,ADAMTS1,xxxxxx,xxxxxx
593,,exp,coexpression,0,,THY1,THY1,xxxxxx,xxxxxx
594,,exp,coexpression,0,,BDH1,BDH1,xxxxxx,xxxxxx
595,,exp,coexpression,0,,SERPINE1,THBS1,xxxxxx,xxxxxx
596,,exp,coexpression,0,,COL6A3,COL6A3,xxxxxx,xxxxxx
597,,exp,coexpression,0,,CLEC3B,CLEC3B,xxxxxx,xxxxxx
598,,exp,coexpression,0,,RGS2,RGS2,xxxxxx,xxxxxx
599,,exp,coexpression,0,,CCL2,ICAM1,xxxxxx,xxxxxx
600,,exp,coexpression,0,,CD14,MS4A6A,xxxxxx,xxxxxx
601,,exp,coexpression,0,,ADM,C11orf96,xxxxxx,xxxxxx
602,,exp,coexpression,0,,COL1A1,MRC2,xxxxxx,xxxxxx
603,,exp,coexpression,0,,C1QA,STAB1,xxxxxx,xxxxxx
604,,exp,coexpression,0,,COL3A1,CXCL12,xxxxxx,xxxxxx
605,,exp,coexpression,0,,ADM,SOCS3,xxxxxx,xxxxxx
606,,exp,coexpression,0,,HGF,HGF,xxxxxx,xxxxxx
607,,exp,coexpression,0,,CSF1R,VSIG4,xxxxxx,xxxxxx
608,,exp,coexpression,0,,RGS1,RGS1,xxxxxx,xxxxxx
609,,exp,coexpression,0,,BTG2,BTG2,xxxxxx,xxxxxx
610,,exp,coexpression,0,,FLRT2,OGN,xxxxxx,xxxxxx
611,,exp,coexpression,0,,PAPLN,PAPLN,xxxxxx,xxxxxx
612,,exp,coexpression,0,,FIBIN,FIBIN,xxxxxx,xxxxxx
613,,exp,coexpression,0,,CD163,LYVE1,xxxxxx,xxxxxx
614,,exp,coexpression,0,,APOD,APOD,xxxxxx,xxxxxx
615,,exp,coexpression,0,,GSTM2,GSTM2,xxxxxx,xxxxxx
616,,exp,coexpression,0,,TNFSF10,TNFSF10,xxxxxx,xxxxxx
617,,exp,coexpression,0,,CD163,CD163,xxxxxx,xxxxxx
618,,exp,coexpression,0,,THBS1,THBS1,xxxxxx,xxxxxx
619,,exp,coexpression,0,,TSC22D3,TSC22D3,xxxxxx,xxxxxx
620,,exp,coexpression,0,,ADAMTS4,JUNB,xxxxxx,xxxxxx
621,,exp,coexpression,0,,C1QC,STAB1,xxxxxx,xxxxxx
622,,exp,coexpression,0,,SRGN,SRGN,xxxxxx,xxxxxx
623,,exp,coexpression,0,,CCN2,MYH11,xxxxxx,xxxxxx
624,,exp,coexpression,0,,NGFR,NGFR,xxxxxx,xxxxxx
625,,exp,coexpression,0,,HLA.DQA1,HLA.DQB1,xxxxxx,xxxxxx
626,,exp,coexpression,0,,ACTA2,MYLK,xxxxxx,xxxxxx
627,,exp,coexpression,0,,FAM20A,FAM20A,xxxxxx,xxxxxx
628,,exp,coexpression,0,,LDLR,ZFP36,xxxxxx,xxxxxx
629,,exp,coexpression,0,,BCL3,ICAM1,xxxxxx,xxxxxx
630,,exp,coexpression,0,,GFRA1,GFRA1,xxxxxx,xxxxxx
631,,exp,coexpression,0,,ADAMTS9,SOCS3,xxxxxx,xxxxxx
632,,exp,coexpression,0,,CD68,F13A1,xxxxxx,xxxxxx
633,,exp,coexpression,0,,CEBPA,CEBPA,xxxxxx,xxxxxx
634,,exp,coexpression,0,,C1QA,FCGR2A,xxxxxx,xxxxxx
635,,exp,coexpression,0,,PDLIM3,PDLIM3,xxxxxx,xxxxxx
636,,exp,coexpression,0,,NFASC,NFASC,xxxxxx,xxxxxx
637,,exp,coexpression,0,,MAFF,ZC3H12A,xxxxxx,xxxxxx
638,,exp,coexpression,0,,CD163,LYZ,xxxxxx,xxxxxx
639,,exp,coexpression,0,,CCL2,SERPINE1,xxxxxx,xxxxxx
640,,exp,coexpression,0,,ADAMTS9,SERPINE1,xxxxxx,xxxxxx
641,,exp,coexpression,0,,RIPOR3,RIPOR3,xxxxxx,xxxxxx
642,,exp,coexpression,0,,ADAMTS4,CDKN1A,xxxxxx,xxxxxx
643,,exp,coexpression,0,,ADM,ADM,xxxxxx,xxxxxx
644,,exp,coexpression,0,,IFI6,IFI6,xxxxxx,xxxxxx
645,,exp,coexpression,0,,ACTA2,MYH11,xxxxxx,xxxxxx
646,,exp,coexpression,0,,ASPN,CFD,xxxxxx,xxxxxx
647,,exp,coexpression,0,,SOCS3,SOCS3,xxxxxx,xxxxxx
648,,exp,coexpression,0,,S100A9,S100A9,xxxxxx,xxxxxx
649,,exp,coexpression,0,,SPRY1,SPRY1,xxxxxx,xxxxxx
650,,exp,coexpression,0,,C1QA,CD163,xxxxxx,xxxxxx
651,,exp,coexpression,0,,BGN,BGN,xxxxxx,xxxxxx
652,,exp,coexpression,0,,BGN,FBLN1,xxxxxx,xxxxxx
653,,exp,coexpression,0,,ANPEP,ANPEP,xxxxxx,xxxxxx
654,,exp,coexpression,0,,S100A9,SLC11A1,xxxxxx,xxxxxx
655,,exp,coexpression,0,,CDKN1C,CDKN1C,xxxxxx,xxxxxx
656,,exp,coexpression,0,,NR4A2,NR4A2,xxxxxx,xxxxxx
657,,exp,coexpression,0,,CXCR4,CXCR4,xxxxxx,xxxxxx
658,,exp,coexpression,0,,ITGAX,ITGAX,xxxxxx,xxxxxx
659,,exp,coexpression,0,,CD68,LYZ,xxxxxx,xxxxxx
660,,exp,coexpression,0,,C1QC,CD68,xxxxxx,xxxxxx
661,,exp,coexpression,0,,COL4A3,COL4A3,xxxxxx,xxxxxx
662,,exp,coexpression,0,,HTRA3,HTRA3,xxxxxx,xxxxxx
663,,exp,coexpression,0,,HSPA1A,HSPA1A,xxxxxx,xxxxxx
664,,exp,coexpression,0,,ANGPT1,ANGPT1,xxxxxx,xxxxxx
665,,exp,coexpression,0,,CCDC80,COL3A1,xxxxxx,xxxxxx
666,,exp,coexpression,0,,C1QB,FCGR2A,xxxxxx,xxxxxx
667,,exp,coexpression,0,,CCDC80,CCDC80,xxxxxx,xxxxxx
668,,exp,coexpression,0,,FBLN1,MMP2,xxxxxx,xxxxxx
669,,exp,coexpression,0,,CCDC80,FBLN1,xxxxxx,xxxxxx
670,,exp,coexpression,0,,GADD45B,ZFP36,xxxxxx,xxxxxx
671,,exp,coexpression,0,,DCN,DCN,xxxxxx,xxxxxx
672,,exp,coexpression,0,,TMEM45A,TMEM45A,xxxxxx,xxxxxx
673,,exp,coexpression,0,,ITGB2,LAPTM5,xxxxxx,xxxxxx
674,,exp,coexpression,0,,HSPA1B,HSPA1B,xxxxxx,xxxxxx
675,,exp,coexpression,0,,CXCL14,CXCL14,xxxxxx,xxxxxx
676,,exp,coexpression,0,,F3,F3,xxxxxx,xxxxxx
677,,exp,coexpression,0,,LYZ,LYZ,xxxxxx,xxxxxx
678,,exp,coexpression,0,,TM4SF1,TM4SF1,xxxxxx,xxxxxx
